{
  "name": "redblue",
  "size": 100,
  "visible": true,
  "opacity": 5,
  "scroller": {
    "period": -0.2,
    "oversample": 10,
    "active": true
  },
  "contents": [
    "[(255,0,0,0)x0.0]",
    "[(255,0,0,0)x0.05263157894736842]",
    "[(255,0,0,0)x0.10526315789473684]",
    "[(255,0,0,0)x0.15789473684210525]",
    "[(255,0,0,0)x0.21052631578947367]",
    "[(255,0,0,0)x0.2631578947368421]",
    "[(255,0,0,0)x0.3157894736842105]",
    "[(255,0,0,0)x0.3684210526315789]",
    "[(255,0,0,0)x0.42105263157894735]",
    "[(255,0,0,0)x0.47368421052631576]",
    "[(255,0,0,0)x0.5263157894736842]",
    "[(255,0,0,0)x0.5789473684210527]",
    "[(255,0,0,0)x0.631578947368421]",
    "[(255,0,0,0)x0.6842105263157894]",
    "[(255,0,0,0)x0.7368421052631577]",
    "[(255,0,0,0)x0.7894736842105261]",
    "[(255,0,0,0)x0.8421052631578945]",
    "[(255,0,0,0)x0.8947368421052628]",
    "[(255,0,0,0)x0.9473684210526312]",
    "[(255,0,0,0)x0.9999999999999996]",
    "[(255,0,0,0)x1.0]",
    "[(255,0,0,0)x1.0]",
    "[(255,0,0,0)x1.0]",
    "[(255,0,0,0)x1.0]",
    "[(255,0,0,0)x1.0]",
    "[(255,0,0,0)x1.0]",
    "[(255,0,0,0)x1.0]",
    "[(255,0,0,0)x1.0]",
    "[(255,0,0,0)x1.0]",
    "[(255,0,0,0)x1.0]",
    "[(255,0,0,0)x1.0]",
    "[(255,0,0,0)x1.0]",
    "[(255,0,0,0)x1.0]",
    "[(255,0,0,0)x1.0]",
    "[(255,0,0,0)x1.0]",
    "[(255,0,0,0)x1.0]",
    "[(255,0,0,0)x1.0]",
    "[(255,0,0,0)x1.0]",
    "[(255,0,0,0)x1.0]",
    "[(255,0,0,0)x1.0]",
    "[(255,0,0,0)x1.0]",
    "[(246,0,8,0)x1.0]",
    "[(237,0,17,0)x1.0]",
    "[(228,0,26,0)x1.0]",
    "[(219,0,35,0)x1.0]",
    "[(211,0,43,0)x1.0]",
    "[(202,0,52,0)x1.0]",
    "[(193,0,61,0)x1.0]",
    "[(184,0,70,0)x1.0]",
    "[(175,0,79,0)x1.0]",
    "[(167,0,87,0)x1.0]",
    "[(158,0,96,0)x1.0]",
    "[(149,0,105,0)x1.0]",
    "[(140,0,114,0)x1.0]",
    "[(131,0,123,0)x1.0]",
    "[(123,0,131,0)x1.0]",
    "[(114,0,140,0)x1.0]",
    "[(105,0,149,0)x1.0]",
    "[(96,0,158,0)x1.0]",
    "[(87,0,167,0)x1.0]",
    "[(79,0,175,0)x1.0]",
    "[(70,0,184,0)x1.0]",
    "[(61,0,193,0)x1.0]",
    "[(52,0,202,0)x1.0]",
    "[(43,0,211,0)x1.0]",
    "[(35,0,219,0)x1.0]",
    "[(26,0,228,0)x1.0]",
    "[(17,0,237,0)x1.0]",
    "[(8,0,246,0)x1.0]",
    "[(0,0,255,0)x1.0]",
    "[(0,0,255,0)x1.0]",
    "[(0,13,241,0)x0.9473684210526316]",
    "[(0,26,228,0)x0.8947368421052633]",
    "[(0,40,214,0)x0.8421052631578949]",
    "[(0,53,201,0)x0.7894736842105265]",
    "[(0,67,187,0)x0.7368421052631582]",
    "[(0,80,174,0)x0.6842105263157898]",
    "[(0,93,161,0)x0.6315789473684215]",
    "[(0,107,147,0)x0.5789473684210531]",
    "[(0,120,134,0)x0.5263157894736847]",
    "[(0,134,120,0)x0.4736842105263163]",
    "[(0,147,107,0)x0.4210526315789479]",
    "[(0,161,93,0)x0.3684210526315795]",
    "[(0,174,80,0)x0.31578947368421106]",
    "[(0,187,67,0)x0.26315789473684265]",
    "[(0,201,53,0)x0.21052631578947423]",
    "[(0,214,40,0)x0.1578947368421058]",
    "[(0,228,26,0)x0.10526315789473739]",
    "[(0,241,13,0)x0.05263157894736897]",
    "[(0,255,0,0)x5.551115123125783e-16]",
    "[x1.0]",
    "[x1.0]",
    "[x1.0]",
    "[x1.0]",
    "[x1.0]",
    "[x1.0]",
    "[x1.0]",
    "[x1.0]",
    "[x1.0]",
    "[x1.0]"
  ]
}